FlashyLabs/flashyos	platform	flashyos
FlashyLabs/flashy-network	platform	flashy-network
FlashyLabs/flashy-group	platform	flashy-group
FlashyLabs/flashyid	platform	flashyid
FlashyLabs/flashy-finance	platform	flashy-finance
FlashyLabs/ClaimYour.Gold	platform	ClaimYour.Gold
FlashyLabs/flashy-gold	platform	flashy-gold
FlashyLabs/flashy-academy	platform	flashy-academy
FlashyLabs/flashy-labs	platform	flashy-labs
FlashyLabs/flashy-rails	platform	flashy-rails
FlashyLabs/magician	platform	magician
FlashyLabs/intentmesh	platform	intentmesh
FlashyLabs/therealm	platform	therealm
FlashyLabs/chronicle	platform	chronicle
FlashyLabs/bastion	platform	bastion
FlashyLabs/flashy-tools	platform	flashy-tools
FlashyLabs/gold-holdings	platform	gold-holdings
FlashyLabs/gda-group	platform	gda-group
FlashyLabs/botz-group	platform	botz-group
FlashyLabs/metaverse-group	platform	metaverse-group
FlashyLabs/intent-spec	spec	intent-spec
FlashyLabs/flashyid-spec	spec	flashyid-spec
FlashyLabs/agent-wellknown	spec	agent-wellknown
FlashyLabs/agent-dns	spec	agent-dns
FlashyLabs/agentgraph	spec	agentgraph
FlashyLabs/agentpay	spec	agentpay
FlashyLabs/stack.json	spec	stack.json
FlashyLabs/web4	spec	web4
FlashyLabs/aao	spec	aao
FlashyLabs/flashyos-spec	spec	flashyos-spec
FlashyLabs/agentfile	spec	agentfile
FlashyLabs/flashy-contracts	library	flashy-contracts
FlashyLabs/flashy-sdk	library	flashy-sdk
FlashyLabs/flashy-ledger	library	flashy-ledger
FlashyLabs/flashy-examples	library	flashy-examples
FlashyLabs/flashy-docs	library	flashy-docs
FlashyLabs/flashyos-wdk	library	flashyos-wdk
FlashyLabs/wdk-policy-guard	library	wdk-policy-guard
FlashyLabs/wdk-staking-kit	library	wdk-staking-kit
FlashyLabs/conformance-kit	tooling	conformance-kit
FlashyLabs/flashyos-tools	tooling	flashyos-tools
FlashyLabs/mesh-lint	tooling	mesh-lint
FlashyLabs/flashy-infra	tooling	flashy-infra
FlashyLabs/wdk-capability-audit	tooling	wdk-capability-audit
FlashyLabs/4ventures	site	4ventures
FlashyLabs/mlgblockchain	site	mlgblockchain
FlashyLabs/michaelgord	site	michaelgord
FlashyLabs/sarahgord	site	sarahgord
FlashyLabs/flashylabs	site	flashylabs
FlashyLabs/personality-ai	site	personality-ai
FlashyLabs/music-hub	site	music-hub
FlashyLabs/fashion-st	site	fashion-st
FlashyLabs/flashy-fashion	site	flashy-fashion
FlashyLabs/mystandard-website	site	mystandard-website
FlashyLabs/palcapital	site	palcapital
FlashyLabs/metaverse-ventures	site	metaverse-ventures
FlashyLabs/dais-global	client	dais-global
FlashyLabs/kopman-build	client	kopman-build
FlashyLabs/marco-law	client	marco-law
FlashyLabs/multibank-litigation	client	multibank-litigation
FlashyLabs/life-staking	client	life-staking
FlashyLabs/life-bridge	client	life-bridge
FlashyLabs/life-username-platform	client	life-username-platform
FlashyLabs/flashy-wallet	client	flashy-wallet
FlashyLabs/flashy-wallet-api	client	flashy-wallet-api
FlashyLabs/flashy-wallet-admin	client	flashy-wallet-admin
FlashyLabs/aihumans-website	client	aihumans-website
FlashyLabs/buildos	tooling	buildos
FlashyLabs/second-brain	vault	second-brain
FlashyLabs/ritualos	vault	ritualos
FlashyLabs/FlashyMobileLegacy	vault	FlashyMobileLegacy
FlashyLabs/FlashyGold	vault	FlashyGold
FlashyLabs/.github	vault	dot-github
Rites-Network/ritual-spec	spec	ritual-spec
magician-network/trust-spec	spec	trust-spec
magician-network/trustgraph	platform	trustgraph
gda-os/gda-os	platform	gda-os
